<project xmlns="http://maven.apache.org/DECORATION/1.0.0"
	xmlns:xsi="http://www.w3.org/2001/XMLSchema-instance"
	xsi:schemaLocation="http://maven.apache.org/DECORATION/1.0.0 http://maven.apache.org/xsd/decoration-1.0.0.xsd"
	name="OWF Security">
	<version position="right" />
	<publishDate position="right" />
	<skin>
		<groupId>org.apache.maven.skins</groupId>
		<artifactId>maven-stylus-skin</artifactId>
		<version>1.0.1</version>
	</skin>
	<body>
    	<breadcrumbs>
      		<item name="OWF Server" href="../index.html"/>
      		<item name="OWF Security" href="index.html"/>
    	</breadcrumbs>
		<menu name="OWF Security">
			<item name="Overview" href="index.html" />
			<item name="Downloads" href="downloads.html" />
		</menu>
		<menu ref="reports" />
	</body>
</project>